e_antartica;Antartica;;;;;;;;;;;;x
e_antarctandes;Antarctandes;;;;;;;;;;;;x
k_wales;Wales;;;;;;;;;;;;x
k_kemet;Kemet;;;;;;;;;;;;x
k_graham;Graham;;;;;;;;;;;;x
d_falklands;Falklands;;;;;;;;;;;;x
d_south_orkney;South Orkney;;;;;;;;;;;;x
d_trinity;Trinity;;;;;;;;;;;;x
b_andersson_island;Andersson Island;;;;;;;;;;;;x
b_o_higgins;O Higgins;;;;;;;;;;;;x
b_astrolabe;Astrolabe;;;;;;;;;;;;x
b_botany_bay;Botany Bay;;;;;;;;;;;;x
b_bransfield;Bransfield;;;;;;;;;;;;x
b_trinity_island;Trinity Island;;;;;;;;;;;;x
b_primavera;Primavera;;;;;;;;;;;;x
b_deception;Deception;;;;;;;;;;;;x
b_tower_island;Tower Island;;;;;;;;;;;;x
b_san_nicolas;San Nicolas;;;;;;;;;;;;x
b_cape_longing;Cape Longing;;;;;;;;;;;;x
b_earsen;Earsen;;;;;;;;;;;;x
b_gustavia;Gustavia;;;;;;;;;;;;x
b_petrel;Petrel;;;;;;;;;;;;x
b_moody_point;Moody Point;;;;;;;;;;;;x
b_joinville;Joinville;;;;;;;;;;;;x
b_dundee;Dundee;;;;;;;;;;;;x
b_paulet;Paulet;;;;;;;;;;;;x
b_danger;Danger;;;;;;;;;;;;x
b_mendel;Mendel;;;;;;;;;;;;x
b_vega_one;Vega One;;;;;;;;;;;;x
b_fernhill;Fernhill;;;;;;;;;;;;x
b_seymour;Seymour;;;;;;;;;;;;x
b_erebus;Erebus;;;;;;;;;;;;x
d_south_shetland;South Shetland;;;;;;;;;;;;x
b_livingston;Livingston;;;;;;;;;;;;x
b_arturo_prat;Arturo Prat;;;;;;;;;;;;x
b_bahia_yankee;Bahia Yankee;;;;;;;;;;;;x
b_mann;Mann;;;;;;;;;;;;x
b_camara;Camara;;;;;;;;;;;;x
b_ohridski;Ohridski;;;;;;;;;;;;x
b_juan_carlos;Juan Carlos;;;;;;;;;;;;x
b_eco_nelson;Eco Nelson;;;;;;;;;;;;x
b_risopatron;Risopatron;;;;;;;;;;;;x
b_great_wall;Great Wall;;;;;;;;;;;;x
b_maldonado;Maldonado;;;;;;;;;;;;x
b_greenwich;Greenwich;;;;;;;;;;;;x
b_george;George;;;;;;;;;;;;x
b_comandante_ferraz;Comandante Ferraz;;;;;;;;;;;;x
b_jubany;Jubany;;;;;;;;;;;;x
b_arctowski;Arctowski;;;;;;;;;;;;x
b_bellinghausen;Bellinghausen;;;;;;;;;;;;x
b_artigas;Artigas;;;;;;;;;;;;x
b_machu_picchu;Machu Picchu;;;;;;;;;;;;x
d_danco;Danco;;;;;;;;;;;;x
b_fairweather;Fairweather;;;;;;;;;;;;x
b_evanston;Evanston;;;;;;;;;;;;x
b_seal;Seal;;;;;;;;;;;;x
b_robertson;Robertson;;;;;;;;;;;;x
b_nordenskjold;Nordenskjold;;;;;;;;;;;;x
b_videla;Videla;;;;;;;;;;;;x
b_gonzalez;Gonzalez;;;;;;;;;;;;x
b_casa_generale;Casa Generale;;;;;;;;;;;;x
b_nueva_sevilla;Nueva Sevilla;;;;;;;;;;;;x
b_investigacion;Investigaci√≥n;;;;;;;;;;;;x
b_spring;Spring;;;;;;;;;;;;x
b_hughes_bay;Hughes Bay;;;;;;;;;;;;x
b_gerlache;Gerlache;;;;;;;;;;;;x
b_ciudad_phillipa;Ciudad Phillipa;;;;;;;;;;;;x
b_sevilla;Sevilla;;;;;;;;;;;;x
b_matienzo;Matienzo;;;;;;;;;;;;x
b_roberto;Roberto;;;;;;;;;;;;x
b_sobral;Sobral;;;;;;;;;;;;x
b_oscaring;Oscaring;;;;;;;;;;;;x
d_graham;Graham;;;;;;;;;;;;x
b_vernadsky;Vernadsky;;;;;;;;;;;;x
b_renard;Renard;;;;;;;;;;;;x
b_wiencke;Wiencke;;;;;;;;;;;;x
b_kievsky;Kievsky;;;;;;;;;;;;x
b_beascochea;Beascochea;;;;;;;;;;;;x
b_prospect;Prospect;;;;;;;;;;;;x
b_grandidier;Grandidier;;;;;;;;;;;;x
b_henryford;Henryford;;;;;;;;;;;;x
b_tunstead;Tunstead;;;;;;;;;;;;x
b_adie;Adie;;;;;;;;;;;;x
b_churchill;Churchill;;;;;;;;;;;;x
b_jason;Jason;;;;;;;;;;;;x
b_cape_dissapointment;Cape Dissapointment;;;;;;;;;;;;x
b_alexanera;Alexanera;;;;;;;;;;;;x
b_foyn;Foyn;;;;;;;;;;;;x
b_teresita;Teresita;;;;;;;;;;;;x
b_cabinet;Cabinet;;;;;;;;;;;;x
b_colestead;Colestead;;;;;;;;;;;;x
b_brown;Brown;;;;;;;;;;;;x
b_cpt_cobben;Cpt Cobben;;;;;;;;;;;;x
b_pittham;Pittham;;;;;;;;;;;;x
b_fort_oriley;Fort Oriley;;;;;;;;;;;;x
d_palmer;Palmer;;;;;;;;;;;;x
b_palmer_station;Palmer Station;;;;;;;;;;;;x
b_anvers;Anvers;;;;;;;;;;;;x
b_bismarck;Bismarck;;;;;;;;;;;;x
b_mcdonald;Mcdonald;;;;;;;;;;;;x
b_philadelphia;Philadelphia;;;;;;;;;;;;x
b_sudbury;Sudbury;;;;;;;;;;;;x
b_brabant;Brabant;;;;;;;;;;;;x
b_hoseason;Hoseason;;;;;;;;;;;;x
b_hugo;Hugo;;;;;;;;;;;;x
b_gelre;Gelre;;;;;;;;;;;;x
b_neu_amsterdam;Neu Amsterdam;;;;;;;;;;;;x
b_liege;Liege;;;;;;;;;;;;x
b_little_munich;Little Munich;;;;;;;;;;;;x
b_smitham;Smitham;;;;;;;;;;;;x
b_willemstown;Willemstown;;;;;;;;;;;;x
b_bellenau;Bellenau;;;;;;;;;;;;x
d_bowman;Bowman;;;;;;;;;;;;x
b_blackrock;Blackrock;;;;;;;;;;;;x
b_arrowsmith;Arrowsmith;;;;;;;;;;;;x
b_porquoi_pas;Porquoi Pas;;;;;;;;;;;;x
b_valet;Valet;;;;;;;;;;;;x
b_houimart;Houimart;;;;;;;;;;;;x
b_champignane;Champignane;;;;;;;;;;;;x
b_loubetois;Loubetois;;;;;;;;;;;;x
b_vinciennes;Vinciennes;;;;;;;;;;;;x
b_charlogne;Charlogne;;;;;;;;;;;;x
b_vappe;Vappe;;;;;;;;;;;;x
b_bellogne;Bellogne;;;;;;;;;;;;x
b_lallemond;Lallemond;;;;;;;;;;;;x
b_laubeuf;Laubeuf;;;;;;;;;;;;x
b_rothera;Rothera;;;;;;;;;;;;x
b_amiot;Amiot;;;;;;;;;;;;x
b_new_bransfield;New Bransfield;;;;;;;;;;;;x
b_admiral;Admiral;;;;;;;;;;;;x
b_bonner;Bonner;;;;;;;;;;;;x
b_chippy_shop;Chippy Shop;;;;;;;;;;;;x
b_bingham;Bingham;;;;;;;;;;;;x
b_whirlwind;Whirlwind;;;;;;;;;;;;x
b_francis_island;Francis Island;;;;;;;;;;;;x
b_mill;Mill;;;;;;;;;;;;x
b_joerg;Joerg;;;;;;;;;;;;x
b_freeman;Freeman;;;;;;;;;;;;x
b_northrop;Northrop;;;;;;;;;;;;x
b_liotard;Liotard;;;;;;;;;;;;x
b_kirkwood;Kirkwood;;;;;;;;;;;;x
b_station_t;Station T;;;;;;;;;;;;x
b_stephenson;Stephenson;;;;;;;;;;;;x
b_villaroel;Villaroel;;;;;;;;;;;;x
k_palmerland;Palmerland;;;;;;;;;;;;x
d_fallieres;Fallieres;;;;;;;;;;;;x
b_plummervillo;Plummervillo;;;;;;;;;;;;x
b_yepeyu;Yepeyu;;;;;;;;;;;;x
b_stanington;Stanington;;;;;;;;;;;;x
b_casapujato;Casapujato;;;;;;;;;;;;x
b_herradura;Herradura;;;;;;;;;;;;x
b_maipo;Maipo;;;;;;;;;;;;x
b_chacabuco;Chacabuco;;;;;;;;;;;;x
b_eternity;Eternity;;;;;;;;;;;;x
b_wakefield;Wakefield;;;;;;;;;;;;x
b_welcham;Welcham;;;;;;;;;;;;x
b_wilkins;Wilkins;;;;;;;;;;;;x
b_collier;Collier;;;;;;;;;;;;x
b_hearst;Hearst;;;;;;;;;;;;x
b_agassiz;Agassiz;;;;;;;;;;;;x
b_mobiloil;Mobil Oil;;;;;;;;;;;;x
b_boggs;Boggs;;;;;;;;;;;;x
b_jeremy;Jeremy;;;;;;;;;;;;x
b_bugge;Bugge;;;;;;;;;;;;x
b_fleming;Fleming;;;;;;;;;;;;x
b_old_fossil_bluff;Old Fossil Bluff;;;;;;;;;;;;x
d_dyer;Dyer;;;;;;;;;;;;x
b_dyer;Dyer;;;;;;;;;;;;x
b_courtauld;Courtauld;;;;;;;;;;;;x
b_meseta;Meseta;;;;;;;;;;;;x
b_goettel;Goettel;;;;;;;;;;;;x
b_rymil;Rymil;;;;;;;;;;;;x
b_lachlan;Lachlan;;;;;;;;;;;;x
b_buttress;Buttress;;;;;;;;;;;;x
b_goodenough;Goodenough;;;;;;;;;;;;x
b_batterbee;Batterbee;;;;;;;;;;;;x
b_saturn;Saturn;;;;;;;;;;;;x
b_gutenko;Gutenko;;;;;;;;;;;;x
b_ward;Ward;;;;;;;;;;;;x
d_black_coast;Black Coast;;;;;;;;;;;;x
b_jackson;Jackson;;;;;;;;;;;;x
b_sharbonneau;Sharbonneau;;;;;;;;;;;;x
b_bryant;Bryant;;;;;;;;;;;;x
b_steele;Steele;;;;;;;;;;;;x
b_dollerman;Dollerman;;;;;;;;;;;;x
b_odom;Odom;;;;;;;;;;;;x
b_hilton;Hilton;;;;;;;;;;;;x
b_merz;Merz;;;;;;;;;;;;x
b_violante;Violante;;;;;;;;;;;;x
b_knowles;Knowles;;;;;;;;;;;;x
b_lehrke;Lehrke;;;;;;;;;;;;x
b_smith;Smith;;;;;;;;;;;;x
b_ewing;Ewing;;;;;;;;;;;;x
b_heirtzler;Heirtzler;;;;;;;;;;;;x
b_haines;Haines;;;;;;;;;;;;x
b_dryice;Dryice;;;;;;;;;;;;x
b_pullen;Pullen;;;;;;;;;;;;x
b_new_bedford;New Bedford;;;;;;;;;;;;x
b_brooks;Brooks;;;;;;;;;;;;x
b_swann;Swann;;;;;;;;;;;;x
b_wright;Wright;;;;;;;;;;;;x
b_kemp;Kemp;;;;;;;;;;;;x
b_mosby;Mosby;;;;;;;;;;;;x
d_lassiter;Lassiter;;;;;;;;;;;;x
b_druznaya;Druznaya;;;;;;;;;;;;x
b_fiske;Fiske;;;;;;;;;;;;x
b_nantucket;Nantucket;;;;;;;;;;;;x
b_bowman;Bowman;;;;;;;;;;;;x
b_adams;Adams;;;;;;;;;;;;x
b_wetmore;Wetmore;;;;;;;;;;;;x
b_copper_nunataks;Copper Nunataks;;;;;;;;;;;;x
b_latady_mts;Latady Mts;;;;;;;;;;;;x
b_veers;Veers;;;;;;;;;;;;x
b_spear;Spear;;;;;;;;;;;;x
b_hauberg;Hauberg;;;;;;;;;;;;x
b_orvilla;Orvilla;;;;;;;;;;;;x
b_dodson;Dodson;;;;;;;;;;;;x
b_hansen;Hansen;;;;;;;;;;;;x
d_essland;Essland;;;;;;;;;;;;x
b_scaife;Scaife;;;;;;;;;;;;x
b_schlossbach;Schlossbach;;;;;;;;;;;;x
b_ketchum;Ketchum;;;;;;;;;;;;x
b_vang;Vang;;;;;;;;;;;;x
b_irvine;Irvine;;;;;;;;;;;;x
b_coman;Coman;;;;;;;;;;;;x
b_sweeny;Sweeny;;;;;;;;;;;;x
b_seward;Seward;;;;;;;;;;;;x
b_jorge;Jorge;;;;;;;;;;;;x
b_pretticold;Pretticold;;;;;;;;;;;;x
d_alexander_island;Alexander Island;;;;;;;;;;;;x
b_soyuz;Soyuz;;;;;;;;;;;;x
b_lazarev;Lazarev;;;;;;;;;;;;x
b_rothschild;Rothschild;;;;;;;;;;;;x
b_rouen;Rouen;;;;;;;;;;;;x
b_calais;Calais;;;;;;;;;;;;x
b_stephanson;Stephanson;;;;;;;;;;;;x
b_douglas;Douglas;;;;;;;;;;;;x
b_fossil_bluff;Fossil Bluff;;;;;;;;;;;;x
b_skiway;Skiway;;;;;;;;;;;;x
b_twin_otters;Twin Otters;;;;;;;;;;;;x
b_giza;Giza;;;;;;;;;;;;x
b_tescos;Tescos;;;;;;;;;;;;x
b_pearce;Pearce;;;;;;;;;;;;x
b_taylor;Taylor;;;;;;;;;;;;x
b_beethoven;Beethoven;;;;;;;;;;;;x
b_bach;Bach;;;;;;;;;;;;x
b_walton;Walton;;;;;;;;;;;;x
b_verdi;Verdi;;;;;;;;;;;;x
b_beriloz;Beriloz;;;;;;;;;;;;x
b_perce;Perce;;;;;;;;;;;;x
b_monteverdi;Monteverdi;;;;;;;;;;;;x
b_stravinsky;Stravinsky;;;;;;;;;;;;x
b_weber;Weber;;;;;;;;;;;;x
b_rossini;Rossini;;;;;;;;;;;;x
b_shubert;Shubert;;;;;;;;;;;;x
b_uranus;Uranus;;;;;;;;;;;;x
b_mendelsson;Mendelsson;;;;;;;;;;;;x
b_colebert;Colebert;;;;;;;;;;;;x
b_haydn;Haydn;;;;;;;;;;;;x
b_dorsey;Dorsey;;;;;;;;;;;;x
b_le_may;Le May;;;;;;;;;;;;x
k_ellsworth;Ellsworth;;;;;;;;;;;;x
d_new_scilly;New Scilly;;;;;;;;;;;;x
b_spaatz;Spaatz;;;;;;;;;;;;x
b_de_atley;De Atley;;;;;;;;;;;;x
b_grimsby;Grimsby;;;;;;;;;;;;x
b_crumble;Crumble;;;;;;;;;;;;x
b_yougney;Yougney;;;;;;;;;;;;x
b_smyley;Smyley;;;;;;;;;;;;x
b_case;Case;;;;;;;;;;;;x
b_scar;Scar;;;;;;;;;;;;x
d_merrick;Merrick;;;;;;;;;;;;x
b_sweeny_barony;Sweeny;;;;;;;;;;;;x
b_edward;Edward;;;;;;;;;;;;x
b_gardener;Gardener;;;;;;;;;;;;x
b_crackpot;Crackpot;;;;;;;;;;;;x
b_sky_blu;Sky Blu;;;;;;;;;;;;x
b_werner;Werner;;;;;;;;;;;;x
b_playfield;Playfield;;;;;;;;;;;;x
b_shanrary;Shanrary;;;;;;;;;;;;x
b_latady;Latady;;;;;;;;;;;;x
b_peuensey;Peuensey;;;;;;;;;;;;x
b_venta;Venta;;;;;;;;;;;;x
b_wilburgh;Wilburgh;;;;;;;;;;;;x
b_merrick;Merrick;;;;;;;;;;;;x
b_becker;Becker;;;;;;;;;;;;x
b_connacht;Connacht;;;;;;;;;;;;x
b_mersey;Mersey;;;;;;;;;;;;x
b_smallrock;Smallrock;;;;;;;;;;;;x
b_mstuckere;Mstuckere;;;;;;;;;;;;x
d_anglaland;Anglaland;;;;;;;;;;;;x
b_rydberg;Rydberg;;;;;;;;;;;;x
b_wirth;Wirth;;;;;;;;;;;;x
b_fladerer;Fladerer;;;;;;;;;;;;x
b_castlelick;Castlelick;;;;;;;;;;;;x
b_eltanin;Eltanin;;;;;;;;;;;;x
b_carroll;Carroll;;;;;;;;;;;;x
b_hill;Hill;;;;;;;;;;;;x
b_stange;Stange;;;;;;;;;;;;x
b_ronnesholme;Ronnesholme;;;;;;;;;;;;x
b_longsale;Longsale;;;;;;;;;;;;x
b_rex;Rex;;;;;;;;;;;;x
b_landport;Landport;;;;;;;;;;;;x
b_marion;Marion;;;;;;;;;;;;x
b_tuve;Tuve;;;;;;;;;;;;x
b_axis;Axis;;;;;;;;;;;;x
b_dounton;Dounton;;;;;;;;;;;;x
b_stange_barony;Stange;;;;;;;;;;;;x
b_eklund;Eklund;;;;;;;;;;;;x
b_reading;Reading;;;;;;;;;;;;x
b_loughbrough;Loughbrough;;;;;;;;;;;;x
d_big_rock;Big Rock;;;;;;;;;;;;x
b_thomas;Thomas;;;;;;;;;;;;x
b_chandler;Chandler;;;;;;;;;;;;x
b_atlantia;Atlantia;;;;;;;;;;;;x
b_newhome;Newhome;;;;;;;;;;;;x
b_fowler;Fowler;;;;;;;;;;;;x
b_nunataka;Nunataka;;;;;;;;;;;;x
b_flintdrift;Flintdrift;;;;;;;;;;;;x
b_washingtown;Washingtown;;;;;;;;;;;;x
b_sky_hi;Sky Hi;;;;;;;;;;;;x
b_cloudsedge;Cloudsedge;;;;;;;;;;;;x
b_mcarthur;Mcarthur;;;;;;;;;;;;x
b_albany;Albany;;;;;;;;;;;;x
b_hannover;Hannover;;;;;;;;;;;;x
b_sealand;Sealand;;;;;;;;;;;;x
d_zumberge;Zumberge;;;;;;;;;;;;x
b_siple;Siple;;;;;;;;;;;;x
b_wonderarch;Wonderarch;;;;;;;;;;;;x
b_katsufrakis;Katsufrakis;;;;;;;;;;;;x
b_utahing;Utahing;;;;;;;;;;;;x
b_star;Star;;;;;;;;;;;;x
b_riverpass;Riverpass;;;;;;;;;;;;x
b_newcomer;Newcomer;;;;;;;;;;;;x
b_ultmer;Ultmer;;;;;;;;;;;;x
b_weems;Weems;;;;;;;;;;;;x
b_lanz;Lanz;;;;;;;;;;;;x
b_gripp;Gripp;;;;;;;;;;;;x
b_sapling;Sapling;;;;;;;;;;;;x
b_olivebranch;Olivebranch;;;;;;;;;;;;x
b_mistassini;Mistassini;;;;;;;;;;;;x
b_burgerking;Burgerking;;;;;;;;;;;;x
b_overtop;Overtop;;;;;;;;;;;;x
b_bigone;Bigone;;;;;;;;;;;;x
k_amazonia;Amazonia;;;;;;;;;;;;x
d_bryan;Bryan;;;;;;;;;;;;x
b_alison;Alison;;;;;;;;;;;;x
b_onyx;Onyx;;;;;;;;;;;;x
b_swiftport;Swiftport;;;;;;;;;;;;x
b_tucker;Tucker;;;;;;;;;;;;x
b_widepeak;Widepeak;;;;;;;;;;;;x
b_the_breach;The Breach;;;;;;;;;;;;x
b_longtrail;Longtrail;;;;;;;;;;;;x
b_flatlake;Flatlake;;;;;;;;;;;;x
b_stonerun;Stonerun;;;;;;;;;;;;x
b_fletcher;Fletcher;;;;;;;;;;;;x
b_wirewood;Wirewood;;;;;;;;;;;;x
b_christensen;Christensen;;;;;;;;;;;;x
b_jagged_cove;Jagged Cove;;;;;;;;;;;;x
b_bryan;Bryan;;;;;;;;;;;;x
b_northjoin;Northjoin;;;;;;;;;;;;x
b_expeditio;Expeditio;;;;;;;;;;;;x
b_interia;Interia;;;;;;;;;;;;x
d_eights;Eights;;;;;;;;;;;;x
b_lepley;Lepley;;;;;;;;;;;;x
b_dendtler;Dendtler;;;;;;;;;;;;x
b_venablea;Venablea;;;;;;;;;;;;x
b_farwell;Farwell;;;;;;;;;;;;x
b_anderson;Anderson;;;;;;;;;;;;x
b_ncnamara;Ncnamara;;;;;;;;;;;;x
b_johnson;Johnson;;;;;;;;;;;;x
b_dustin;Dustin;;;;;;;;;;;;x
b_farspear;Farspear;;;;;;;;;;;;x
b_carpenter;Carpenter;;;;;;;;;;;;x
b_woodwier;Woodwier;;;;;;;;;;;;x
b_shermann;Shermann;;;;;;;;;;;;x
b_oaken;Oaken;;;;;;;;;;;;x
b_waite;Waite;;;;;;;;;;;;x
b_kingston;Kingston;;;;;;;;;;;;x
b_burke;Burke;;;;;;;;;;;;x
b_demas;Demas;;;;;;;;;;;;x
b_jones;Jones;;;;;;;;;;;;x
b_millenium;Millenium;;;;;;;;;;;;x
b_brackenlake;Brackenlake;;;;;;;;;;;;x
d_thurston;Thurston;;;;;;;;;;;;x
b_flying_fish;Flying Fish;;;;;;;;;;;;x
b_petersen;Petersen;;;;;;;;;;;;x
b_simpson;Simpson;;;;;;;;;;;;x
b_hughes;Hughes;;;;;;;;;;;;x
b_henry;Henry;;;;;;;;;;;;x
b_davies;Davies;;;;;;;;;;;;x
b_williamson;Williamson;;;;;;;;;;;;x
b_tinglof;Tinglof;;;;;;;;;;;;x
b_king_th;King Th;;;;;;;;;;;;x
b_wagoner;Wagoner;;;;;;;;;;;;x
b_kearns;Kearns;;;;;;;;;;;;x
b_potaka;Potaka;;;;;;;;;;;;x
b_starr;Starr;;;;;;;;;;;;x
b_tierney;Tierney;;;;;;;;;;;;x
b_evans;Evans;;;;;;;;;;;;x
b_lofgren;Lofgren;;;;;;;;;;;;x
b_morgan;Morgan;;;;;;;;;;;;x
b_menzel;Menzel;;;;;;;;;;;;x
b_braathen;Braathen;;;;;;;;;;;;x
b_annawan;Annawan;;;;;;;;;;;;x
b_noville;Noville;;;;;;;;;;;;x
b_peale;Peale;;;;;;;;;;;;x
b_ball;Ball;;;;;;;;;;;;x
b_murphy;Murphy;;;;;;;;;;;;x
b_koether;Koether;;;;;;;;;;;;x
b_o_dowd;O Dowd;;;;;;;;;;;;x
b_parker;Parker;;;;;;;;;;;;x
d_amazon;Amazon;;;;;;;;;;;;x
b_canisteo;Canisteo;;;;;;;;;;;;x
b_lindsey;Lindsey;;;;;;;;;;;;x
b_brownson;Brownson;;;;;;;;;;;;x
b_sabrelake;Sabrelake;;;;;;;;;;;;x
b_spheres;Spheres;;;;;;;;;;;;x
b_denny;Denny;;;;;;;;;;;;x
b_new_lenora;New Lenora;;;;;;;;;;;;x
b_mortica;Mortica;;;;;;;;;;;;x
b_bellatrix;Bellatrix;;;;;;;;;;;;x
b_understory;Understory;;;;;;;;;;;;x
b_catalan;Catalan;;;;;;;;;;;;x
b_doppler;Doppler;;;;;;;;;;;;x
b_prime;Prime;;;;;;;;;;;;x
b_echo;Echo;;;;;;;;;;;;x
b_fire;Fire;;;;;;;;;;;;x
b_goodreads;Goodreads;;;;;;;;;;;;x
b_zappos;Zappos;;;;;;;;;;;;x
b_kiva;Kiva;;;;;;;;;;;;x
b_hq_two;Hq Two;;;;;;;;;;;;x
b_bellevue;Bellevue;;;;;;;;;;;;x
b_sodo;Sodo;;;;;;;;;;;;x
b_southlake;Southlake;;;;;;;;;;;;x
b_arlington;Arlington;;;;;;;;;;;;x
b_national_landing;National Landing;;;;;;;;;;;;x
b_crystal_city;Crystal City;;;;;;;;;;;;x
b_bezos;Bezos;;;;;;;;;;;;x
b_cadabra;Cadabra;;;;;;;;;;;;x
b_jeffington;Jeffington;;;;;;;;;;;;x
b_anine;Anine;;;;;;;;;;;;x
b_shopbop;Shopbop;;;;;;;;;;;;x
b_techstreet;Techstreet;;;;;;;;;;;;x
b_byfar;Byfar;;;;;;;;;;;;x
b_moresby;Moresby;;;;;;;;;;;;x
b_juskatta;Juskatta;;;;;;;;;;;;x
b_hangeroa;Hangeroa;;;;;;;;;;;;x
d_alexa;Alexa;;;;;;;;;;;;x
b_kindle;Kindle;;;;;;;;;;;;x
b_audible;Audible;;;;;;;;;;;;x
b_joyo;Joyo;;;;;;;;;;;;x
b_comixology;Comixology;;;;;;;;;;;;x
b_createspace;Createspace;;;;;;;;;;;;x
b_brilliance;Brilliance;;;;;;;;;;;;x
b_eero;Eero;;;;;;;;;;;;x
b_alexa;Alexa;;;;;;;;;;;;x
b_robotica;Robotica;;;;;;;;;;;;x
b_lab126;Lab126;;;;;;;;;;;;x
b_kuiper;Kuiper;;;;;;;;;;;;x
b_ring;Ring;;;;;;;;;;;;x
b_shelfair;Shelfair;;;;;;;;;;;;x
b_annapurna;Annapurna;;;;;;;;;;;;x
b_twitch;Twitch;;;;;;;;;;;;x
b_ninja;Ninja;;;;;;;;;;;;x
b_florry;Florry;;;;;;;;;;;;x
b_kusailix;Kusailix;;;;;;;;;;;;x
b_souq;Souq;;;;;;;;;;;;x
b_wholefood;Wholefood;;;;;;;;;;;;x
b_healthnav;Healthnav;;;;;;;;;;;;x
d_primiteva;Primiteva;;;;;;;;;;;;x
b_thoreau;Thoreau;;;;;;;;;;;;x
b_woodcock;Woodcock;;;;;;;;;;;;x
b_praxis;Praxis;;;;;;;;;;;;x
b_talltrees;Talltrees;;;;;;;;;;;;x
b_zisly;Zisly;;;;;;;;;;;;x
b_palezoia;Palezoia;;;;;;;;;;;;x
b_oldtown;Oldtown;;;;;;;;;;;;x
b_hutta;Hutta;;;;;;;;;;;;x
b_anchorock;Anchorock;;;;;;;;;;;;x
b_eastpine;Eastpine;;;;;;;;;;;;x
b_frankhole;Frankhole;;;;;;;;;;;;x
b_egalitaria;Egalitaria;;;;;;;;;;;;x
b_sahlinsky;Sahlinsky;;;;;;;;;;;;x
b_polanyi;Polanyi;;;;;;;;;;;;x
d_foreverhome;Foreverhome;;;;;;;;;;;;x
b_foreverhome;Foreverhome;;;;;;;;;;;;x
b_guerin;Guerin;;;;;;;;;;;;x
b_revista;Revista;;;;;;;;;;;;x
b_gravelle;Gravelle;;;;;;;;;;;;x
b_urales;Urales;;;;;;;;;;;;x
b_zerzan;Zerzan;;;;;;;;;;;;x
b_wildgrove;Wildgrove;;;;;;;;;;;;x
b_timberfell;Timberfell;;;;;;;;;;;;x
b_bliss;Bliss;;;;;;;;;;;;x
b_eternis;Eternis;;;;;;;;;;;;x
b_spikyheat;Spikyheat;;;;;;;;;;;;x
e_marie_byrd_land;Marie Byrd Land;;;;;;;;;;;;x
k_heavenly_kingdom;Heavenly Kingdom;;;;;;;;;;;;x
d_sinopec;Sinopec;;;;;;;;;;;;x
b_zongbu;Zongbu;;;;;;;;;;;;x
b_little_beijing;Little Beijing;;;;;;;;;;;;x
b_qingxiang;Qingxiang;;;;;;;;;;;;x
b_shinua;Shinua;;;;;;;;;;;;x
b_philbin;Philbin;;;;;;;;;;;;x
b_herlacher;Herlacher;;;;;;;;;;;;x
b_martin;Martin;;;;;;;;;;;;x
b_chaoyang;Chaoyang;;;;;;;;;;;;x
b_xinxian;Xinxian;;;;;;;;;;;;x
b_nanbianjie;Nanbianjie;;;;;;;;;;;;x
b_bingleng;Bingleng;;;;;;;;;;;;x
b_nunn;Nunn;;;;;;;;;;;;x
b_houliang;Houliang;;;;;;;;;;;;x
b_toney;Toney;;;;;;;;;;;;x
b_kohler;Kohler;;;;;;;;;;;;x
b_xiqian;Xiqian;;;;;;;;;;;;x
b_feidifang;Feidifang;;;;;;;;;;;;x
b_zhenyong;Zhenyong;;;;;;;;;;;;x
b_crary;Crary;;;;;;;;;;;;x
b_frakes;Frakes;;;;;;;;;;;;x
b_pingdan;Pingdan;;;;;;;;;;;;x
b_wojuede_leng;Wojuede Leng;;;;;;;;;;;;x
d_pine_island;Pine Island;;;;;;;;;;;;x
b_rumbland;Rumbland;;;;;;;;;;;;x
b_granite_city;Granite City;;;;;;;;;;;;x
b_lewisburg;Lewisburg;;;;;;;;;;;;x
b_corona;Corona;;;;;;;;;;;;x
b_pharr;Pharr;;;;;;;;;;;;x
b_pine_island;Pine Island;;;;;;;;;;;;x
b_brownton;Brownton;;;;;;;;;;;;x
b_coldharbour;Coldharbour;;;;;;;;;;;;x
b_meltwater;Meltwater;;;;;;;;;;;;x
b_islington;Islington;;;;;;;;;;;;x
b_dakota;Dakota;;;;;;;;;;;;x
b_stratford;Stratford;;;;;;;;;;;;x
b_breadwood;Breadwood;;;;;;;;;;;;x
b_cleveland;Cleveland;;;;;;;;;;;;x
b_riverdale;Riverdale;;;;;;;;;;;;x
d_walgreen;Walgreen;;;;;;;;;;;;x
b_walgreen;Walgreen;;;;;;;;;;;;x
b_haynes;Haynes;;;;;;;;;;;;x
b_brixton;Brixton;;;;;;;;;;;;x
b_wulang;Wulang;;;;;;;;;;;;x
b_chengshi;Chengshi;;;;;;;;;;;;x
b_cordova;Cordova;;;;;;;;;;;;x
b_abraham;Abraham;;;;;;;;;;;;x
b_philistine;Philistine;;;;;;;;;;;;x
b_antiochea;Antiochea;;;;;;;;;;;;x
b_new_new_orleans;New New Orleans;;;;;;;;;;;;x
b_kilgora;Kilgora;;;;;;;;;;;;x
b_littletown;Littletown;;;;;;;;;;;;x
b_overrated;Overrated;;;;;;;;;;;;x
b_obama;Obama;;;;;;;;;;;;x
b_takahe;Takahe;;;;;;;;;;;;x
b_sundown;Sundown;;;;;;;;;;;;x
b_petes_shack;Petes Shack;;;;;;;;;;;;x
b_shrekloo;Shrekloo;;;;;;;;;;;;x
b_bear;Bear;;;;;;;;;;;;x
b_kobler;Kobler;;;;;;;;;;;;x
b_murphie;Murphie;;;;;;;;;;;;x
b_smith_2;Smith 2;;;;;;;;;;;;x
b_capeport;Capeport;;;;;;;;;;;;x
b_inlettia;Inlettia;;;;;;;;;;;;x
b_thwaites;Thwaites;;;;;;;;;;;;x
b_the_tongue;The Tongue;;;;;;;;;;;;x
b_zhixing;Zhixing;;;;;;;;;;;;x
b_oklahomer;Oklahomer;;;;;;;;;;;;x
d_executive_commitee;Executive Commitee;;;;;;;;;;;;x
b_xianggang;Xianggang;;;;;;;;;;;;x
b_shaomen;Shaomen;;;;;;;;;;;;x
b_shanshu;Shanshu;;;;;;;;;;;;x
b_dong;Dong;;;;;;;;;;;;x
b_quhou;Quhou;;;;;;;;;;;;x
b_meizou;Meizou;;;;;;;;;;;;x
b_youtian;Youtian;;;;;;;;;;;;x
b_lingyu;Lingyu;;;;;;;;;;;;x
b_kongbai;Kongbai;;;;;;;;;;;;x
b_qian_de;Qian De;;;;;;;;;;;;x
b_jiaorao;Jiaorao;;;;;;;;;;;;x
b_nanliang;Nanliang;;;;;;;;;;;;x
b_jintao;Jintao;;;;;;;;;;;;x
b_ku_zao;Ku Zao;;;;;;;;;;;;x
b_baise;Baise;;;;;;;;;;;;x
d_bakutis;Bakutis;;;;;;;;;;;;x
b_jianwai;Jianwai;;;;;;;;;;;;x
b_xiangshu;Xiangshu;;;;;;;;;;;;x
b_zhuan_cheng;Zhuan Cheng;;;;;;;;;;;;x
b_diaodeng;Diaodeng;;;;;;;;;;;;x
b_dadong;Dadong;;;;;;;;;;;;x
b_xiangheyuan;Xiangheyuan;;;;;;;;;;;;x
b_qingrao;Qingrao;;;;;;;;;;;;x
b_hamje;Hamje;;;;;;;;;;;;x
b_zoachang;Zoachang;;;;;;;;;;;;x
b_kaewang;Kaewang;;;;;;;;;;;;x
b_anzhen;Anzhen;;;;;;;;;;;;x
b_lasiweijiasi;Lasiweijiasi;;;;;;;;;;;;x
b_jiujinshan;Jiujinshan;;;;;;;;;;;;x
b_wangsiying;Wangsiying;;;;;;;;;;;;x
b_nei_lu;Nei Lu;;;;;;;;;;;;x
b_gege;Gege;;;;;;;;;;;;x
b_honghe;Honghe;;;;;;;;;;;;x
b_sunhe;Sunhe;;;;;;;;;;;;x
b_yuanjing;Yuanjing;;;;;;;;;;;;x
b_xue_di;Xue Di;;;;;;;;;;;;x
b_tianshi;Tianshi;;;;;;;;;;;;x
d_kenyon;Kenyon;;;;;;;;;;;;x
b_kenyon;Kenyon;;;;;;;;;;;;x
b_kuritama;Kuritama;;;;;;;;;;;;x
b_liaoyuan;Liaoyuan;;;;;;;;;;;;x
b_nayeong;Nayeong;;;;;;;;;;;;x
b_lowpoint;Lowpoint;;;;;;;;;;;;x
b_redmond;Redmond;;;;;;;;;;;;x
b_atmore;Atmore;;;;;;;;;;;;x
b_xinzhou;Xinzhou;;;;;;;;;;;;x
b_chulin;Chulin;;;;;;;;;;;;x
b_samnan;Samnan;;;;;;;;;;;;x
d_americastan;Americastan;;;;;;;;;;;;x
b_highjump;Highjump;;;;;;;;;;;;x
b_fosbury;Fosbury;;;;;;;;;;;;x
b_dumas;Dumas;;;;;;;;;;;;x
b_conway;Conway;;;;;;;;;;;;x
b_alexandria;Alexandria;;;;;;;;;;;;x
b_lakerville;Lakerville;;;;;;;;;;;;x
b_southfold;Southfold;;;;;;;;;;;;x
b_chong;Chong;;;;;;;;;;;;x
b_wais_divide;Wais Divide;;;;;;;;;;;;x
b_kero;Kero;;;;;;;;;;;;x
b_skywalker;Skywalker;;;;;;;;;;;;x
b_solaris;Solaris;;;;;;;;;;;;x
b_meriby;Meriby;;;;;;;;;;;;x
b_delisheller;Delisheller;;;;;;;;;;;;x
b_robnia;Robnia;;;;;;;;;;;;x
b_milltown;Milltown;;;;;;;;;;;;x
d_getzland;Getzland;;;;;;;;;;;;x
b_siple_island;Siple Island;;;;;;;;;;;;x
b_xiao_dao;Xiao Dao;;;;;;;;;;;;x
b_fudong;Fudong;;;;;;;;;;;;x
b_tuanjie;Tuanjie;;;;;;;;;;;;x
b_zizai;Zizai;;;;;;;;;;;;x
b_carney;Carney;;;;;;;;;;;;x
b_ramage;Ramage;;;;;;;;;;;;x
b_cherry;Cherry;;;;;;;;;;;;x
b_felt;Felt;;;;;;;;;;;;x
b_armour;Armour;;;;;;;;;;;;x
b_russell;Russell;;;;;;;;;;;;x
b_sippling;Sippling;;;;;;;;;;;;x
k_sovetskya;Sovetskya;;;;;;;;;;;;x
d_rupperta;Rupperta;;;;;;;;;;;;x
b_russkaya;Russkaya;;;;;;;;;;;;x
b_starvopol;Starvopol;;;;;;;;;;;;x
b_dlinnyy_dom;Dlinnyy Dom;;;;;;;;;;;;x
b_gray;Gray;;;;;;;;;;;;x
b_zemlya;Zemlya;;;;;;;;;;;;x
b_giles;Giles;;;;;;;;;;;;x
b_malkreml;Malkreml;;;;;;;;;;;;x
b_fedorograd;Fedorograd;;;;;;;;;;;;x
b_bolshoy;Bolshoy;;;;;;;;;;;;x
b_gorodgorod;Gorodgorod;;;;;;;;;;;;x
b_novigrad;Novigrad;;;;;;;;;;;;x
b_balchen;Balchen;;;;;;;;;;;;x
b_allegheny;Allegheny;;;;;;;;;;;;x
b_mccoy;Mccoy;;;;;;;;;;;;x
b_phillipa;Phillipa;;;;;;;;;;;;x
b_saraya;Saraya;;;;;;;;;;;;x
b_korpus;Korpus;;;;;;;;;;;;x
b_landbay;Landbay;;;;;;;;;;;;x
b_groves;Groves;;;;;;;;;;;;x
b_cruzen;Cruzen;;;;;;;;;;;;x
b_sevetsky;Sevetsky;;;;;;;;;;;;x
b_hull_korpus;Hull Korpus;;;;;;;;;;;;x
b_shirley;Shirley;;;;;;;;;;;;x
b_newman;Newman;;;;;;;;;;;;x
b_roza;Roza;;;;;;;;;;;;x
b_ozero;Ozero;;;;;;;;;;;;x
d_khobbsa;Khobbsa;;;;;;;;;;;;x
b_yugozapad;Yugozapad;;;;;;;;;;;;x
b_illoqarfik;Illoqarfik;;;;;;;;;;;;x
b_ironsbottom;Ironsbottom;;;;;;;;;;;;x
b_ivanovo;Ivanovo;;;;;;;;;;;;x
b_ames;Ames;;;;;;;;;;;;x
b_sputnik;Sputnik;;;;;;;;;;;;x
b_gagarin;Gagarin;;;;;;;;;;;;x
b_husky;Husky;;;;;;;;;;;;x
b_nuukaqut;Nuukaqut;;;;;;;;;;;;x
b_flood;Flood;;;;;;;;;;;;x
b_bursey_flood;Bursey Flood;;;;;;;;;;;;x
b_moulton;Moulton;;;;;;;;;;;;x
b_berlin;Berlin;;;;;;;;;;;;x
b_wrigley_2;Wrigley 2;;;;;;;;;;;;x
b_dean;Dean;;;;;;;;;;;;x
b_grant;Grant;;;;;;;;;;;;x
b_shepard;Shepard;;;;;;;;;;;;x
b_forrester;Forrester;;;;;;;;;;;;x
b_berlinskaya;Berlinskaya;;;;;;;;;;;;x
b_christygor;Christygor;;;;;;;;;;;;x
b_novyyzal;Novyyzal;;;;;;;;;;;;x
b_laboratoriya;Laboratoriya;;;;;;;;;;;;x
b_petras;Petras;;;;;;;;;;;;x
b_galla;Galla;;;;;;;;;;;;x
b_sidley;Sidley;;;;;;;;;;;;x
b_usas;Usas;;;;;;;;;;;;x
b_aldaz;Aldaz;;;;;;;;;;;;x
d_sondersky;Sondersky;;;;;;;;;;;;x
b_mitchell;Mitchell;;;;;;;;;;;;x
b_driscoll;Driscoll;;;;;;;;;;;;x
b_crevasse;Crevasse;;;;;;;;;;;;x
b_guest;Guest;;;;;;;;;;;;x
b_khammond;Khammond;;;;;;;;;;;;x
b_mackay;Mackay;;;;;;;;;;;;x
b_boyd;Boyd;;;;;;;;;;;;x
b_steventon;Steventon;;;;;;;;;;;;x
b_la_gorce;La Gorce;;;;;;;;;;;;x
b_fosdick;Fosdick;;;;;;;;;;;;x
b_gluestick;Gluestick;;;;;;;;;;;;x
b_sandwich;Sandwich;;;;;;;;;;;;x
b_lincoln;Lincoln;;;;;;;;;;;;x
b_block;Block;;;;;;;;;;;;x
b_chuggington;Chuggington;;;;;;;;;;;;x
b_lancaster;Lancaster;;;;;;;;;;;;x
b_south_bern;South Bern;;;;;;;;;;;;x
d_pogranich;Pogranich;;;;;;;;;;;;x
b_mermansk;Mermansk;;;;;;;;;;;;x
b_volsk;Volsk;;;;;;;;;;;;x
b_sulzberger;Sulzberger;;;;;;;;;;;;x
b_alexandra;Alexandra;;;;;;;;;;;;x
b_clark;Clark;;;;;;;;;;;;x
b_karpinskaya;Karpinskaya;;;;;;;;;;;;x
b_yuly;Yuly;;;;;;;;;;;;x
b_ericson;Ericson;;;;;;;;;;;;x
b_bursey;Bursey;;;;;;;;;;;;x
b_fersmann;Fersmann;;;;;;;;;;;;x
b_shirsov;Shirsov;;;;;;;;;;;;x
b_perninsky;Perninsky;;;;;;;;;;;;x
d_revolutia;Revolutia;;;;;;;;;;;;x
b_little_rockford;Little Rockford;;;;;;;;;;;;x
b_sacremento;Sacremento;;;;;;;;;;;;x
b_orienta;Orienta;;;;;;;;;;;;x
b_southcity;Southcity;;;;;;;;;;;;x
b_labrabor;Labrabor;;;;;;;;;;;;x
b_archangel;Archangel;;;;;;;;;;;;x
b_st_christopher;St Christopher;;;;;;;;;;;;x
b_petersburg;Petersburg;;;;;;;;;;;;x
b_neueholme;Neueholme;;;;;;;;;;;;x
b_waesche;Waesche;;;;;;;;;;;;x
b_hartigan;Hartigan;;;;;;;;;;;;x
b_sidley_2;Sidley 2;;;;;;;;;;;;x
b_cumming;Cumming;;;;;;;;;;;;x
b_wodenvale;Wodenvale;;;;;;;;;;;;x
k_hellas;Hellas;;;;;;;;;;;;x
d_shirase;Shirase;;;;;;;;;;;;x
b_kiel;Kiel;;;;;;;;;;;;x
b_corinth;Corinth;;;;;;;;;;;;x
b_prestrud;Prestrud;;;;;;;;;;;;x
b_nilsen;Nilsen;;;;;;;;;;;;x
b_shirase;Shirase;;;;;;;;;;;;x
b_altis;Altis;;;;;;;;;;;;x
b_cephalonie;Cephalonie;;;;;;;;;;;;x
b_okuma;Okuma;;;;;;;;;;;;x
b_rockerfeller_okuma;Rockerfeller Okuma;;;;;;;;;;;;x
b_bartlett;Bartlett;;;;;;;;;;;;x
b_frazier;Frazier;;;;;;;;;;;;x
b_graceia;Graceia;;;;;;;;;;;;x
b_mckinley;Mckinley;;;;;;;;;;;;x
b_neapolis;Neapolis;;;;;;;;;;;;x
b_saunders;Saunders;;;;;;;;;;;;x
b_pella;Pella;;;;;;;;;;;;x
b_eduard;Eduard;;;;;;;;;;;;x
b_seventon;Seventon;;;;;;;;;;;;x
b_josephine;Josephine;;;;;;;;;;;;x
b_scott_nunatak;Scott Nunatak;;;;;;;;;;;;x
b_amolato;Amolato;;;;;;;;;;;;x
b_athenai;Athenai;;;;;;;;;;;;x
b_gorgo;Gorgo;;;;;;;;;;;;x
b_larissa;Larissa;;;;;;;;;;;;x
d_rockerfeller;Rockerfeller;;;;;;;;;;;;x
b_pavlopolis;Pavlopolis;;;;;;;;;;;;x
b_hellene;Hellene;;;;;;;;;;;;x
b_naous;Naous;;;;;;;;;;;;x
b_nea_sparti;Nea Sparti;;;;;;;;;;;;x
b_islandia;Islandia;;;;;;;;;;;;x
b_tsiprachai;Tsiprachai;;;;;;;;;;;;x
b_emporikos;Emporikos;;;;;;;;;;;;x
b_simae;Simae;;;;;;;;;;;;x
b_olympos;Olympos;;;;;;;;;;;;x
b_harran;Harran;;;;;;;;;;;;x
b_edessa;Edessa;;;;;;;;;;;;x
b_sruk;Sruk;;;;;;;;;;;;x
b_bile;Bile;;;;;;;;;;;;x
b_tulupe;Tulupe;;;;;;;;;;;;x
b_kaisun;Kaisun;;;;;;;;;;;;x
b_samsat;Samsat;;;;;;;;;;;;x
b_edesurfa;Edesurfa;;;;;;;;;;;;x
b_heraklion;Heraklion;;;;;;;;;;;;x
b_flaviopolis;Flaviopolis;;;;;;;;;;;;x
b_polis;Polis;;;;;;;;;;;;x
b_zephyropoli;Zephyropoli;;;;;;;;;;;;x
b_amastrine;Amastrine;;;;;;;;;;;;x
b_tium;Tium;;;;;;;;;;;;x
d_siple_coast;Siple Coast;;;;;;;;;;;;x
b_sipledome;Sipledome;;;;;;;;;;;;x
b_salt_lake_city;Salt Lake City;;;;;;;;;;;;x
b_washington;Washington;;;;;;;;;;;;x
b_liltree;Liltree;;;;;;;;;;;;x
b_firstcamp;Firstcamp;;;;;;;;;;;;x
b_oakmarch;Oakmarch;;;;;;;;;;;;x
b_chillblain;Chillblain;;;;;;;;;;;;x
b_rockefeller;Rockefeller;;;;;;;;;;;;x
b_rockina;Rockina;;;;;;;;;;;;x
b_hardplace;Hardplace;;;;;;;;;;;;x
b_iceting;Iceting;;;;;;;;;;;;x
b_new_chicago;New Chicago;;;;;;;;;;;;x
b_cadillac;Cadillac;;;;;;;;;;;;x
b_kalamazoo;Kalamazoo;;;;;;;;;;;;x
b_morehead;Morehead;;;;;;;;;;;;x
b_alcatraz;Alcatraz;;;;;;;;;;;;x
b_nyusu;Nyusu;;;;;;;;;;;;x
b_new_ulm;New Ulm;;;;;;;;;;;;x
b_gulfport;Gulfport;;;;;;;;;;;;x
b_vicksberg;Vicksberg;;;;;;;;;;;;x
b_yazoocity;Yazoocity;;;;;;;;;;;;x
d_little_america;Little America;;;;;;;;;;;;x
b_little_america_1;Little America 1;;;;;;;;;;;;x
b_little_america_2;Little America 2;;;;;;;;;;;;x
b_little_america_3;Little America 3;;;;;;;;;;;;x
b_whalebay;Whalebay;;;;;;;;;;;;x
b_kainan;Kainan;;;;;;;;;;;;x
b_clinton;Clinton;;;;;;;;;;;;x
k_byrd;Byrd;;;;;;;;;;;;x
d_obrady;Obrady;;;;;;;;;;;;x
b_olympia;Olympia;;;;;;;;;;;;x
b_homer;Homer;;;;;;;;;;;;x
b_alton;Alton;;;;;;;;;;;;x
b_decatur;Decatur;;;;;;;;;;;;x
b_joilet;Joilet;;;;;;;;;;;;x
b_lisle;Lisle;;;;;;;;;;;;x
b_colington;Colington;;;;;;;;;;;;x
b_la_salle;La Salle;;;;;;;;;;;;x
b_herrin;Herrin;;;;;;;;;;;;x
b_lombard;Lombard;;;;;;;;;;;;x
b_mundelein;Mundelein;;;;;;;;;;;;x
b_obrady;Obrady;;;;;;;;;;;;x
b_bastrop;Bastrop;;;;;;;;;;;;x
b_monroe;Monroe;;;;;;;;;;;;x
b_waterville;Waterville;;;;;;;;;;;;x
b_hyatt;Hyatt;;;;;;;;;;;;x
d_gould;Gould;;;;;;;;;;;;x
b_gould;Gould;;;;;;;;;;;;x
b_harold;Harold;;;;;;;;;;;;x
b_tapley;Tapley;;;;;;;;;;;;x
b_axel;Axel;;;;;;;;;;;;x
b_heiberg;Heiberg;;;;;;;;;;;;x
b_ready;Ready;;;;;;;;;;;;x
b_escarpment;Escarpment;;;;;;;;;;;;x
b_watson;Watson;;;;;;;;;;;;x
b_emmitsburg;Emmitsburg;;;;;;;;;;;;x
b_summit;Summit;;;;;;;;;;;;x
b_wisconsin;Wisconsin;;;;;;;;;;;;x
b_lebanon;Lebanon;;;;;;;;;;;;x
b_tuskegee;Tuskegee;;;;;;;;;;;;x
b_concord;Concord;;;;;;;;;;;;x
b_sebring;Sebring;;;;;;;;;;;;x
b_ohio;Ohio;;;;;;;;;;;;x
b_calhoun;Calhoun;;;;;;;;;;;;x
b_kellogg;Kellogg;;;;;;;;;;;;x
b_carthage_ohio;Carthage Ohio;;;;;;;;;;;;x
b_jeffersonville;Jeffersonville;;;;;;;;;;;;x
d_greater_yarmouth;Greater Yarmouth;;;;;;;;;;;;x
b_yarmouth;Yarmouth;;;;;;;;;;;;x
b_norwich;Norwich;;;;;;;;;;;;x
b_towson;Towson;;;;;;;;;;;;x
b_silverspring;Silverspring;;;;;;;;;;;;x
b_bath;Bath;;;;;;;;;;;;x
b_hartris;Hartris;;;;;;;;;;;;x
b_athol;Athol;;;;;;;;;;;;x
b_debham;Debham;;;;;;;;;;;;x
b_liverpool;Liverpool;;;;;;;;;;;;x
b_cohasset;Cohasset;;;;;;;;;;;;x
d_byrd;Byrd;;;;;;;;;;;;x
b_byrd;Byrd;;;;;;;;;;;;x
b_seabees;Seabees;;;;;;;;;;;;x
b_deep_freeze;Deep Freeze;;;;;;;;;;;;x
b_dawson;Dawson;;;;;;;;;;;;x
b_northwind;Northwind;;;;;;;;;;;;x
b_turtle;Turtle;;;;;;;;;;;;x
b_bindschalder;Bindschalder;;;;;;;;;;;;x
b_portland;Portland;;;;;;;;;;;;x
b_canton;Canton;;;;;;;;;;;;x
b_brooklyn;Brooklyn;;;;;;;;;;;;x
b_truro;Truro;;;;;;;;;;;;x
b_webster;Webster;;;;;;;;;;;;x
b_jennaby;Jennaby;;;;;;;;;;;;x
b_woods_hole;Woods Hole;;;;;;;;;;;;x
b_benton;Benton;;;;;;;;;;;;x
b_charlefoix;Charlefoix;;;;;;;;;;;;x
b_dearborne;Dearborne;;;;;;;;;;;;x
b_upstream_bravo;Upstream Bravo;;;;;;;;;;;;x
b_flint;Flint;;;;;;;;;;;;x
b_unicorn;Unicorn;;;;;;;;;;;;x
b_dragon_shear;Dragon Shear;;;;;;;;;;;;x
b_chiang;Chiang;;;;;;;;;;;;x
b_dionne;Dionne;;;;;;;;;;;;x
b_cunningham;Cunningham;;;;;;;;;;;;x
d_new_wyoming;New Wyoming;;;;;;;;;;;;x
b_bostonia;Bostonia;;;;;;;;;;;;x
b_hancock;Hancock;;;;;;;;;;;;x
b_livonia;Livonia;;;;;;;;;;;;x
b_mackinaw;Mackinaw;;;;;;;;;;;;x
b_warren;Warren;;;;;;;;;;;;x
b_westmunster;Westmunster;;;;;;;;;;;;x
b_albertea;Albertea;;;;;;;;;;;;x
b_bemidji;Bemidji;;;;;;;;;;;;x
b_stillwater;Stillwater;;;;;;;;;;;;x
b_sanic;Sanic;;;;;;;;;;;;x
b_megadrive;Megadrive;;;;;;;;;;;;x
b_micromachine;Micromachine;;;;;;;;;;;;x
b_bandicoot;Bandicoot;;;;;;;;;;;;x
b_knuckles;Knuckles;;;;;;;;;;;;x
b_delta;Delta;;;;;;;;;;;;x
b_icestream;Icestream;;;;;;;;;;;;x
b_biloxi;Biloxi;;;;;;;;;;;;x
b_laurel;Laurel;;;;;;;;;;;;x
b_westpoint;Westpoint;;;;;;;;;;;;x
d_mooretania;Mooretania;;;;;;;;;;;;x
b_athletica;Athletica;;;;;;;;;;;;x
b_treadmill;Treadmill;;;;;;;;;;;;x
b_crosstrainer;Crosstrainer;;;;;;;;;;;;x
b_bicycleta;Bicycleta;;;;;;;;;;;;x
b_southmore;Southmore;;;;;;;;;;;;x
b_hollick;Hollick;;;;;;;;;;;;x
b_boon;Boon;;;;;;;;;;;;x
b_fulton;Fulton;;;;;;;;;;;;x
b_independence;Independence;;;;;;;;;;;;x
b_whitmore;Whitmore;;;;;;;;;;;;x
b_joplin;Joplin;;;;;;;;;;;;x
b_salem;Salem;;;;;;;;;;;;x
b_san_carlos;San Carlos;;;;;;;;;;;;x
k_british_antarctica;British Antarctica;;;;;;;;;;;;x
d_pitcairnshire;Pitcairnshire;;;;;;;;;;;;x
b_radlinski;Radlinski;;;;;;;;;;;;x
b_seelig;Seelig;;;;;;;;;;;;x
b_chapman;Chapman;;;;;;;;;;;;x
b_shalakusha;Shalakusha;;;;;;;;;;;;x
b_kamyshin;Kamyshin;;;;;;;;;;;;x
b_zelenogorsk;Zelenogorsk;;;;;;;;;;;;x
b_hart;Hart;;;;;;;;;;;;x
b_putogether_corner;Putogether Corner;;;;;;;;;;;;x
b_bog_walk;Bog Walk;;;;;;;;;;;;x
b_berrydale;Berrydale;;;;;;;;;;;;x
b_spanish_town;Spanish Town;;;;;;;;;;;;x
b_magotty;Magotty;;;;;;;;;;;;x
b_havola;Havola;;;;;;;;;;;;x
b_gutters;Gutters;;;;;;;;;;;;x
b_wales;Wales;;;;;;;;;;;;x
b_papine;Papine;;;;;;;;;;;;x
b_mount_diabolo;Mount Diabolo;;;;;;;;;;;;x
b_donegal;Donegal;;;;;;;;;;;;x
b_linck;Linck;;;;;;;;;;;;x
b_tombstone;Tombstone;;;;;;;;;;;;x
b_magnolia;Magnolia;;;;;;;;;;;;x
b_rogers;Rogers;;;;;;;;;;;;x
b_zelda;Zelda;;;;;;;;;;;;x
d_south_midlands;South Midlands;;;;;;;;;;;;x
b_falcatifolium;Falcatifolium;;;;;;;;;;;;x
b_humus;Humus;;;;;;;;;;;;x
b_kingman;Kingman;;;;;;;;;;;;x
b_nome;Nome;;;;;;;;;;;;x
b_chessnut;Chessnut;;;;;;;;;;;;x
b_anniston;Anniston;;;;;;;;;;;;x
b_sheffield;Sheffield;;;;;;;;;;;;x
b_ivywood;Ivywood;;;;;;;;;;;;x
b_melton;Melton;;;;;;;;;;;;x
b_gainsborough;Gainsborough;;;;;;;;;;;;x
b_craven;Craven;;;;;;;;;;;;x
b_hexham;Hexham;;;;;;;;;;;;x
b_moore;Moore;;;;;;;;;;;;x
b_valdez;Valdez;;;;;;;;;;;;x
b_avondale;Avondale;;;;;;;;;;;;x
b_bisbee;Bisbee;;;;;;;;;;;;x
d_sentinel;Sentinel;;;;;;;;;;;;x
b_sentinel;Sentinel;;;;;;;;;;;;x
b_lannz;Lannz;;;;;;;;;;;;x
b_veems;Veems;;;;;;;;;;;;x
b_peak;Peak;;;;;;;;;;;;x
b_girdridge;Girdridge;;;;;;;;;;;;x
b_tyree;Tyree;;;;;;;;;;;;x
b_vinson_massif;Vinson Massif;;;;;;;;;;;;x
b_siga;Siga;;;;;;;;;;;;x
b_ugarit;Ugarit;;;;;;;;;;;;x
b_gerbal;Gerbal;;;;;;;;;;;;x
b_ninitz;Ninitz;;;;;;;;;;;;x
b_minnesota;Minnesota;;;;;;;;;;;;x
b_andersson;Andersson;;;;;;;;;;;;x
b_dott;Dott;;;;;;;;;;;;x
b_skytrain;Skytrain;;;;;;;;;;;;x
b_constellation;Constellation;;;;;;;;;;;;x
b_kings_cross;Kings Cross;;;;;;;;;;;;x
b_station;Station;;;;;;;;;;;;x
b_hines;Hines;;;;;;;;;;;;x
d_albion;Albion;;;;;;;;;;;;x
b_wagner;Wagner;;;;;;;;;;;;x
b_suydam;Suydam;;;;;;;;;;;;x
b_froststream;Froststream;;;;;;;;;;;;x
b_dullwich;Dullwich;;;;;;;;;;;;x
b_babergh;Babergh;;;;;;;;;;;;x
b_foundation;Foundation;;;;;;;;;;;;x
b_gorecki;Gorecki;;;;;;;;;;;;x
b_hawks;Hawks;;;;;;;;;;;;x
b_andyson;Andyson;;;;;;;;;;;;x
b_halifax;Halifax;;;;;;;;;;;;x
b_colina;Colina;;;;;;;;;;;;x
b_workington;Workington;;;;;;;;;;;;x
b_battle;Battle;;;;;;;;;;;;x
b_ware;Ware;;;;;;;;;;;;x
b_fylde;Fylde;;;;;;;;;;;;x
b_childscliff;Childscliff;;;;;;;;;;;;x
b_grasmere;Grasmere;;;;;;;;;;;;x
b_belper;Belper;;;;;;;;;;;;x
b_smithfield;Smithfield;;;;;;;;;;;;x
b_test_valley;Test Valley;;;;;;;;;;;;x
b_wrightnow;Wrightnow;;;;;;;;;;;;x
b_laguna_verde;Laguna Verde;;;;;;;;;;;;x
b_la_estrella;La Estrella;;;;;;;;;;;;x
b_pelarco;Pelarco;;;;;;;;;;;;x
b_quelue;Quelue;;;;;;;;;;;;x
b_corral;Corral;;;;;;;;;;;;x
b_oddlyplaced;Oddlyplaced;;;;;;;;;;;;x
b_half_way_tree;Half Way Tree;;;;;;;;;;;;x
b_danks;Danks;;;;;;;;;;;;x
b_ythanside;Ythanside;;;;;;;;;;;;x
b_newry;Newry;;;;;;;;;;;;x
b_vinegar_hill;Vinegar Hill;;;;;;;;;;;;x
d_the_ronnes;The Ronnes;;;;;;;;;;;;x
b_korff;Korff;;;;;;;;;;;;x
b_melle;Melle;;;;;;;;;;;;x
b_penzlin;Penzlin;;;;;;;;;;;;x
b_speicher;Speicher;;;;;;;;;;;;x
b_bad_laapshe;Bad Laapshe;;;;;;;;;;;;x
b_hettstedt;Hettstedt;;;;;;;;;;;;x
b_kerpen;Kerpen;;;;;;;;;;;;x
d_heritage;Heritage;;;;;;;;;;;;x
b_rosstip;Rosstip;;;;;;;;;;;;x
b_zumberge;Zumberge;;;;;;;;;;;;x
b_henley;Henley;;;;;;;;;;;;x
b_camble;Camble;;;;;;;;;;;;x
b_heritage;Heritage;;;;;;;;;;;;x
b_slough;Slough;;;;;;;;;;;;x
b_fjordsan;Fjordsan;;;;;;;;;;;;x
b_frostworth;Frostworth;;;;;;;;;;;;x
b_locharch;Locharch;;;;;;;;;;;;x
b_union;Union;;;;;;;;;;;;x
b_arturo_parodi;Arturo Parodi;;;;;;;;;;;;x
b_hercules;Hercules;;;;;;;;;;;;x
b_nueva_lima;Nueva Lima;;;;;;;;;;;;x
b_palencia;Palencia;;;;;;;;;;;;x
d_ellsworth;Ellsworth;;;;;;;;;;;;x
b_ellsworth;Ellsworth;;;;;;;;;;;;x
b_moutana;Moutana;;;;;;;;;;;;x
b_surbiton;Surbiton;;;;;;;;;;;;x
b_winnersh;Winnersh;;;;;;;;;;;;x
b_earley;Earley;;;;;;;;;;;;x
b_wattack;Wattack;;;;;;;;;;;;x
b_lloca;Lloca;;;;;;;;;;;;x
b_tongoy;Tongoy;;;;;;;;;;;;x
b_putre;Putre;;;;;;;;;;;;x
b_malloa;Malloa;;;;;;;;;;;;x
b_lolol;Lolol;;;;;;;;;;;;x
b_woolard;Woolard;;;;;;;;;;;;x
b_retiro;Retiro;;;;;;;;;;;;x
b_bahia_inglesa;Bahia Inglesa;;;;;;;;;;;;x
b_la_higuera;La Higuera;;;;;;;;;;;;x
b_el_salado;El Salado;;;;;;;;;;;;x
b_pinto;Pinto;;;;;;;;;;;;x